Workbook

Sheet Hospital_Data
A1: Hospital ID | B1: Hospital (fictional) | C1: Reporting Month | D1: Project | E1: Completion Response | F1: Implementation Status
A2: H001 | B2: Demo Hospital Alpha | C2: 2026-01 | D2: Project A | E2: YES | F2: COMPLETED
A3: H002 | B3: Demo Hospital Beta | C3: 2026-01 | D3: Project A | E3: MAYBE | F3: IN PROGRESS
A4: H003 | B4: Demo Hospital Gamma | C4: 2026-01 | D4: Project B | E4: NO | F4: PENDING
A5: H001 | B5: Demo Hospital Alpha | C5: 2026-02 | D5: Project B | E5: NO | F5: NOT STARTED
A6: H002 | B6: Demo Hospital Beta | C6: 2026-02 | D6: Project B | E6: YES | F6: COMPLETED
A7: H003 | B7: Demo Hospital Gamma | C7: 2026-02 | D7: Project A | E7: YES | F7: IN PROGRESS
A8: H004 | B8: Demo Hospital Delta | C8: 2026-02 | D8: Project A | E8: NO | F8: IN PROGRESS
A9: H004 | B9: Demo Hospital Delta | C9: 2026-03 | D9: Project B | E9: YES | F9: COMPLETED

Sheet Validation_Checks
A1: Hospital ID | B1: Hospital | C1: Month | D1: Project | E1: Response | F1: Status | G1: Response Check | H1: Status Check | I1: Overall Check | J1: Follow-up
A2: =Hospital_Data!A2 -> H001 | B2: =Hospital_Data!B2 -> Demo Hospital Alpha | C2: =Hospital_Data!C2 -> 2026-01 | D2: =Hospital_Data!D2 -> Project A | E2: =Hospital_Data!E2 -> YES | F2: =Hospital_Data!F2 -> COMPLETED | G2: =IF(E2="","error",IF(COUNTIF(Allowed_Values!$A$2:$A$3,E2)>0,"ok","error")) -> ok | H2: =IF(F2="","error",IF(COUNTIF(Allowed_Values!$B$2:$B$4,F2)>0,"ok","error")) -> ok | I2: =IF(AND(G2="ok",H2="ok"),"ok","error") -> ok | J2: =IF(I2="error","Awaiting hospital confirmation","Valid") -> Valid
A3: =Hospital_Data!A3 -> H002 | B3: =Hospital_Data!B3 -> Demo Hospital Beta | C3: =Hospital_Data!C3 -> 2026-01 | D3: =Hospital_Data!D3 -> Project A | E3: =Hospital_Data!E3 -> MAYBE | F3: =Hospital_Data!F3 -> IN PROGRESS | G3: =IF(E3="","error",IF(COUNTIF(Allowed_Values!$A$2:$A$3,E3)>0,"ok","error")) -> error | H3: =IF(F3="","error",IF(COUNTIF(Allowed_Values!$B$2:$B$4,F3)>0,"ok","error")) -> ok | I3: =IF(AND(G3="ok",H3="ok"),"ok","error") -> error | J3: =IF(I3="error","Awaiting hospital confirmation","Valid") -> Awaiting hospital confirmation
A4: =Hospital_Data!A4 -> H003 | B4: =Hospital_Data!B4 -> Demo Hospital Gamma | C4: =Hospital_Data!C4 -> 2026-01 | D4: =Hospital_Data!D4 -> Project B | E4: =Hospital_Data!E4 -> NO | F4: =Hospital_Data!F4 -> PENDING | G4: =IF(E4="","error",IF(COUNTIF(Allowed_Values!$A$2:$A$3,E4)>0,"ok","error")) -> ok | H4: =IF(F4="","error",IF(COUNTIF(Allowed_Values!$B$2:$B$4,F4)>0,"ok","error")) -> error | I4: =IF(AND(G4="ok",H4="ok"),"ok","error") -> error | J4: =IF(I4="error","Awaiting hospital confirmation","Valid") -> Awaiting hospital confirmation
A5: =Hospital_Data!A5 -> H001 | B5: =Hospital_Data!B5 -> Demo Hospital Alpha | C5: =Hospital_Data!C5 -> 2026-02 | D5: =Hospital_Data!D5 -> Project B | E5: =Hospital_Data!E5 -> NO | F5: =Hospital_Data!F5 -> NOT STARTED | G5: =IF(E5="","error",IF(COUNTIF(Allowed_Values!$A$2:$A$3,E5)>0,"ok","error")) -> ok | H5: =IF(F5="","error",IF(COUNTIF(Allowed_Values!$B$2:$B$4,F5)>0,"ok","error")) -> ok | I5: =IF(AND(G5="ok",H5="ok"),"ok","error") -> ok | J5: =IF(I5="error","Awaiting hospital confirmation","Valid") -> Valid
A6: =Hospital_Data!A6 -> H002 | B6: =Hospital_Data!B6 -> Demo Hospital Beta | C6: =Hospital_Data!C6 -> 2026-02 | D6: =Hospital_Data!D6 -> Project B | E6: =Hospital_Data!E6 -> YES | F6: =Hospital_Data!F6 -> COMPLETED | G6: =IF(E6="","error",IF(COUNTIF(Allowed_Values!$A$2:$A$3,E6)>0,"ok","error")) -> ok | H6: =IF(F6="","error",IF(COUNTIF(Allowed_Values!$B$2:$B$4,F6)>0,"ok","error")) -> ok | I6: =IF(AND(G6="ok",H6="ok"),"ok","error") -> ok | J6: =IF(I6="error","Awaiting hospital confirmation","Valid") -> Valid
A7: =Hospital_Data!A7 -> H003 | B7: =Hospital_Data!B7 -> Demo Hospital Gamma | C7: =Hospital_Data!C7 -> 2026-02 | D7: =Hospital_Data!D7 -> Project A | E7: =Hospital_Data!E7 -> YES | F7: =Hospital_Data!F7 -> IN PROGRESS | G7: =IF(E7="","error",IF(COUNTIF(Allowed_Values!$A$2:$A$3,E7)>0,"ok","error")) -> ok | H7: =IF(F7="","error",IF(COUNTIF(Allowed_Values!$B$2:$B$4,F7)>0,"ok","error")) -> ok | I7: =IF(AND(G7="ok",H7="ok"),"ok","error") -> ok | J7: =IF(I7="error","Awaiting hospital confirmation","Valid") -> Valid
A8: =Hospital_Data!A8 -> H004 | B8: =Hospital_Data!B8 -> Demo Hospital Delta | C8: =Hospital_Data!C8 -> 2026-02 | D8: =Hospital_Data!D8 -> Project A | E8: =Hospital_Data!E8 -> NO | F8: =Hospital_Data!F8 -> IN PROGRESS | G8: =IF(E8="","error",IF(COUNTIF(Allowed_Values!$A$2:$A$3,E8)>0,"ok","error")) -> ok | H8: =IF(F8="","error",IF(COUNTIF(Allowed_Values!$B$2:$B$4,F8)>0,"ok","error")) -> ok | I8: =IF(AND(G8="ok",H8="ok"),"ok","error") -> ok | J8: =IF(I8="error","Awaiting hospital confirmation","Valid") -> Valid
A9: =Hospital_Data!A9 -> H004 | B9: =Hospital_Data!B9 -> Demo Hospital Delta | C9: =Hospital_Data!C9 -> 2026-03 | D9: =Hospital_Data!D9 -> Project B | E9: =Hospital_Data!E9 -> YES | F9: =Hospital_Data!F9 -> COMPLETED | G9: =IF(E9="","error",IF(COUNTIF(Allowed_Values!$A$2:$A$3,E9)>0,"ok","error")) -> ok | H9: =IF(F9="","error",IF(COUNTIF(Allowed_Values!$B$2:$B$4,F9)>0,"ok","error")) -> ok | I9: =IF(AND(G9="ok",H9="ok"),"ok","error") -> ok | J9: =IF(I9="error","Awaiting hospital confirmation","Valid") -> Valid

Sheet Validation_Summary
A1: VALIDATION DASHBOARD | B1: Result
A3: Total submissions | B3: =COUNTA(Hospital_Data!A2:A9) -> 8
A4: Valid submissions | B4: =COUNTIF(Validation_Checks!I2:I9,"ok") -> 6
A5: Submissions with errors | B5: =COUNTIF(Validation_Checks!I2:I9,"error") -> 2
A6: Response errors | B6: =COUNTIF(Validation_Checks!G2:G9,"error") -> 1
A7: Status errors | B7: =COUNTIF(Validation_Checks!H2:H9,"error") -> 1
A10: HOW TO TEST
A11: 1 | B11: Change a response in Hospital_Data columns E or F.
A12: 2 | B12: Use the dropdown for valid values; invalid example values already exist.
A13: 3 | B13: Review checks and request hospital confirmation before correction.

Sheet Allowed_Values
A1: Completion Responses | B1: Implementation Status
A2: YES | B2: COMPLETED
A3: NO | B3: IN PROGRESS
B4: NOT STARTED
